A1,A2,A3,A4,A5,A6,A7,A8,A9,A10,A11,A12,A13,A14,A15,A16,A17,A18,A19,A20,Label
G,V,G,T,V,P,M,T,D,Y,G,N,D,V,E,Y,Y,G,Q,V,noHelix
T,I,G,T,P,G,K,S,F,N,L,N,F,D,T,G,S,S,N,L,noHelix
W,V,G,S,V,Q,C,Q,A,S,G,C,K,G,G,R,D,K,F,N,noHelix
P,S,D,G,S,T,F,K,A,T,G,Y,D,A,S,I,G,Y,G,D,noHelix
G,S,A,S,G,V,L,G,Y,D,T,V,Q,V,G,G,I,D,V,T,noHelix
G,G,P,Q,I,Q,L,A,Q,R,L,G,G,G,G,F,P,G,D,N,noHelix
X,X,X,T,P,Q,S,S,T,N,A,F,D,Q,V,S,A,X,X,X,helix
Q,G,K,V,I,Q,P,V,F,V,V,Y,L,A,A,S,N,I,S,D,noHelix
G,D,F,T,M,P,G,W,I,D,N,K,Y,G,G,T,L,L,N,T,noHelix
N,I,D,A,G,E,G,Y,W,A,L,N,V,T,G,A,T,A,D,S,noHelix
T,Y,L,G,A,I,F,Q,A,I,L,D,T,G,T,S,L,L,I,L,noHelix
P,D,E,A,A,V,G,N,L,V,G,F,A,G,A,Q,D,A,A,L,noHelix
G,G,F,V,I,A,C,T,S,A,G,F,K,S,I,P,W,S,I,Y,noHelix
S,A,I,F,E,I,I,T,A,L,G,N,A,E,D,D,S,G,C,T,noHelix
S,G,I,G,A,S,S,L,G,E,A,I,L,G,D,Q,F,L,K,Q,noHelix
A,Q,C,E,A,T,I,E,S,N,D,A,M,Q,Y,D,L,K,E,M,noHelix
V,V,D,K,S,C,K,Q,F,T,V,H,L,K,H,V,G,K,M,A,noHelix
X,N,W,V,L,T,K,E,A,D,K,E,G,V,A,T,D,G,M,X,helix
N,A,G,L,A,Q,D,Y,V,K,A,G,D,T,R,V,I,A,H,T,noHelix
K,V,I,G,G,G,E,S,D,S,V,T,F,D,V,S,K,L,T,P,noHelix
G,E,A,Y,A,Y,F,C,S,F,P,G,H,W,A,M,M,K,G,T,noHelix
S,V,D,I,Q,G,N,D,Q,M,Q,F,N,T,N,A,I,T,V,D,noHelix
N,W,V,L,S,T,A,A,D,M,Q,G,V,V,T,D,G,M,A,S,helix
G,L,G,G,S,G,T,P,V,D,D,L,D,R,C,C,Q,T,H,D,helix
N,E,I,T,C,S,S,E,N,N,A,C,E,A,F,I,C,N,C,D,helix
X,X,X,L,K,V,G,S,A,K,P,G,L,Q,K,V,V,X,X,X,helix
X,X,X,K,E,P,I,S,V,S,S,E,Q,V,L,K,F,X,X,X,helix
X,X,X,X,G,G,A,R,S,G,D,D,V,V,A,K,X,X,X,X,helix
G,L,L,N,A,P,K,V,G,D,S,A,A,W,K,T,R,A,D,A,helix
X,X,X,X,G,G,L,D,G,L,L,A,Q,S,L,S,X,X,X,X,helix
P,P,K,G,T,C,A,D,C,S,D,D,E,L,K,A,A,I,G,K,helix
A,S,F,S,E,A,P,P,G,N,P,K,A,G,E,K,I,F,K,T,helix
X,X,X,X,P,G,Y,S,Y,S,T,A,D,K,N,M,X,X,X,X,helix
X,Y,S,Y,S,A,V,I,W,E,E,N,T,L,Y,D,Y,L,L,X,helix
T,K,M,V,F,P,G,L,K,K,P,Q,E,R,A,D,L,I,S,Y,helix
X,A,F,A,G,V,L,N,D,A,D,I,A,A,A,L,E,A,X,X,helix
X,X,X,K,A,A,D,S,F,N,H,K,A,F,F,A,K,X,X,X,helix
S,F,N,V,G,L,T,S,K,S,A,D,D,V,K,K,A,F,A,I,helix
X,X,X,X,X,S,G,F,I,E,E,D,E,L,K,X,X,X,X,X,helix
N,F,K,A,D,A,R,A,L,T,D,G,E,T,K,T,F,L,K,A,helix
A,L,T,G,D,S,D,G,D,G,K,I,G,V,D,E,F,T,A,L,helix
X,T,T,C,C,P,S,I,V,A,R,S,N,F,N,V,C,R,X,X,helix
X,X,C,P,S,L,P,G,T,P,E,A,I,C,A,T,Y,T,X,X,helix
R,G,K,R,V,D,L,G,C,A,A,F,H,T,Q,C,I,D,C,H,helix
X,X,X,G,D,V,A,K,G,K,K,T,F,V,Q,K,X,X,X,X,helix
X,N,K,S,K,G,I,V,W,N,E,N,T,L,M,E,Y,L,E,X,helix
T,K,M,I,F,A,G,I,K,K,K,G,E,R,Q,D,L,V,A,Y,helix
X,X,X,L,S,A,D,Q,I,S,T,V,Q,A,S,F,D,X,X,X,helix
X,L,S,K,V,K,G,D,P,V,G,I,L,Y,A,V,F,K,A,X,helix
G,K,D,L,E,S,I,K,G,T,A,P,F,E,T,H,A,N,R,I,helix
S,I,K,G,T,E,L,P,N,I,E,A,D,V,N,T,F,V,A,S,helix
L,P,N,I,K,P,R,G,V,T,H,D,Q,L,N,N,F,R,A,G,helix
R,G,V,T,T,D,F,A,G,A,E,A,A,W,G,A,T,L,D,T,helix
X,T,V,F,T,R,V,S,A,Y,I,S,W,I,N,N,V,I,A,X,helix
X,V,I,A,S,N,F,N,K,E,Q,Q,N,A,F,Y,E,I,L,X,helix
E,I,L,H,L,P,N,L,N,E,E,Q,R,N,G,F,I,Q,S,L,helix
X,X,V,L,S,P,A,D,K,T,N,V,K,A,A,W,G,X,X,X,helix
K,A,A,W,G,K,V,G,A,H,A,G,E,Y,G,A,E,A,L,E,helix
F,P,H,F,D,L,S,H,G,S,A,Q,V,K,G,H,G,K,K,V,helix
X,H,V,D,D,M,P,N,A,L,S,A,L,S,D,L,H,A,H,X,helix
L,H,A,H,K,L,R,V,D,P,V,N,F,K,L,L,S,H,C,L,helix
L,A,A,H,L,P,A,E,F,T,P,A,V,H,A,S,L,D,K,F,helix
X,X,X,G,H,F,T,E,E,D,K,A,T,I,T,S,L,X,X,X,helix
T,I,T,S,L,W,G,K,V,N,V,E,D,A,G,G,E,T,L,G,helix
L,S,S,A,S,A,I,M,G,N,P,K,V,K,A,H,G,K,K,V,helix
K,V,L,T,S,L,G,D,A,I,K,H,L,D,D,L,K,G,T,F,helix
L,H,C,D,K,L,H,V,D,P,E,N,F,K,L,L,G,N,V,L,helix
L,A,I,H,F,G,K,E,F,T,P,E,V,Q,A,S,W,Q,K,M,helix
A,L,I,V,Y,G,S,T,T,G,N,T,E,Y,T,A,E,T,I,A,helix
C,G,D,S,S,Y,E,Y,F,C,G,A,V,D,A,I,E,E,K,L,helix
L,R,I,D,G,D,P,R,A,A,R,D,D,I,V,G,W,A,H,D,helix
G,T,F,T,S,D,Y,S,K,Y,L,D,S,R,R,A,Q,D,F,V,helix
X,G,P,E,T,L,C,G,A,E,L,V,D,A,L,Q,F,V,C,X,helix
A,Y,R,P,S,E,T,L,C,G,G,E,L,V,D,T,L,Q,F,V,helix
X,G,T,T,V,R,D,Y,T,Q,M,N,D,L,Q,R,R,L,X,X,helix
X,X,X,E,N,A,K,N,E,E,I,L,N,C,L,K,Y,X,X,X,helix
X,C,E,V,N,G,E,K,A,H,P,L,F,A,F,L,R,E,V,X,helix
X,X,R,R,F,L,T,I,D,I,E,P,D,I,E,T,L,L,X,X,helix
X,X,X,V,L,S,A,A,N,K,S,N,V,K,A,A,W,X,X,X,helix
X,X,X,G,K,V,G,G,N,A,P,A,Y,G,A,Q,A,X,X,X,helix
P,H,F,D,L,S,H,G,S,A,Q,Q,K,A,H,G,Q,K,V,A,helix
A,H,K,L,R,V,N,P,V,N,F,K,L,L,S,H,S,L,L,V,helix
L,A,S,H,L,P,T,N,F,T,P,A,V,H,A,N,L,N,K,F,helix
X,X,X,M,L,T,A,E,E,K,A,A,V,T,G,F,X,X,X,X,helix
X,F,W,G,K,V,D,V,D,V,V,G,A,Q,A,L,G,R,L,X,helix
X,X,X,X,F,G,N,L,S,S,A,G,A,V,M,N,X,X,X,X,helix
X,X,F,G,N,L,S,S,N,P,K,V,K,A,H,G,K,R,X,X,helix
X,X,X,L,K,G,A,F,A,Q,L,S,G,L,H,C,N,X,X,X,helix
G,A,F,A,Q,K,L,H,V,N,P,Q,N,F,R,L,L,G,N,V,helix
K,L,H,V,N,G,G,Q,F,T,P,N,V,Q,A,L,F,Q,K,V,helix
X,X,X,X,A,V,A,A,D,N,A,T,A,I,A,L,X,X,X,X,helix
X,X,X,X,S,Y,L,S,L,T,P,E,Q,W,K,S,X,X,X,X,helix
F,V,N,Q,H,L,C,G,S,H,L,V,E,A,L,Y,L,V,C,X,helix
X,X,X,X,X,X,A,T,L,K,E,Q,L,X,X,X,X,X,X,X,helix
H,Q,K,I,T,V,L,G,V,R,Q,V,G,M,A,C,G,S,S,I,helix
A,D,Q,L,A,L,L,D,A,M,E,D,K,M,K,G,E,M,M,D,helix
X,X,X,X,V,F,I,F,I,L,P,R,I,V,K,Y,X,X,X,X,helix
N,C,L,I,L,V,V,S,N,P,G,D,V,L,T,Y,V,A,W,K,helix
P,V,G,R,V,I,G,S,G,C,N,L,D,S,A,R,L,R,N,V,helix
G,M,G,W,E,N,D,S,E,G,W,K,E,V,H,R,M,V,V,E,helix
I,K,L,K,G,Y,E,N,W,I,G,L,S,V,A,E,S,A,E,T,helix
L,R,E,I,L,K,M,L,L,K,P,E,E,V,G,Q,S,K,R,S,helix
X,X,X,K,V,F,E,R,C,E,L,A,R,T,L,K,R,X,X,X,helix
L,G,M,D,G,Y,R,G,I,S,L,A,N,W,M,C,L,A,K,W,helix
S,C,S,A,L,L,Q,D,N,I,A,D,A,V,A,C,A,K,R,V,helix
X,X,X,X,X,X,X,Q,G,I,R,A,W,X,X,X,X,X,X,X,helix
X,X,X,X,X,X,X,V,A,W,R,N,R,X,X,X,X,X,X,X,helix
X,L,L,T,K,S,P,S,L,N,A,A,K,S,E,L,D,K,A,X,helix
I,G,R,N,C,N,G,V,I,T,K,D,E,A,E,K,L,F,N,Q,helix
X,X,X,X,L,R,N,A,K,L,K,P,V,Y,D,S,X,X,X,X,helix
K,L,K,P,V,Y,D,S,L,D,A,V,R,R,C,A,L,I,N,M,helix
X,X,G,E,T,G,V,A,G,F,T,N,S,L,R,M,L,Q,X,X,helix
L,A,K,S,R,W,Y,N,Q,T,P,N,R,A,K,R,V,I,T,T,helix
X,X,X,K,V,F,G,R,C,E,L,A,A,A,M,K,R,X,X,X,helix
H,G,L,D,N,Y,R,G,Y,S,L,G,N,W,V,C,A,A,K,F,helix
P,C,S,A,L,L,S,S,D,I,T,A,S,V,N,C,A,K,K,I,helix
X,X,X,X,N,G,M,N,A,W,V,A,W,R,N,R,X,X,X,X,helix
X,V,L,S,E,G,E,W,Q,L,V,L,H,V,W,A,K,V,X,X,helix
L,H,V,W,A,K,V,E,A,D,V,A,G,H,G,Q,D,I,L,I,helix
X,X,X,X,F,K,H,L,K,T,E,A,E,M,K,A,X,X,X,X,helix
L,K,T,E,A,E,M,K,A,S,E,D,L,K,K,H,G,V,T,V,helix
G,A,I,L,K,K,K,G,H,H,E,A,E,L,K,P,L,A,Q,S,helix
